{"totalResultsCount":6,"geonames":[{"countryId":"2017370","adminCode1":"77","countryName":"Russia","fclName":"city, village,...","countryCode":"RU","lng":"33.43825","fcodeName":"populated place","toponymName":"Berniki","fcl":"P","name":"Berniki","fcode":"PPL","geonameId":452805,"lat":"56.8827","adminName1":"Tverskaya","population":0},{"countryId":"2017370","adminCode1":"76","countryName":"Russia","fclName":"city, village,...","countryCode":"RU","lng":"37.13041","fcodeName":"populated place","toponymName":"Berniki","fcl":"P","name":"Berniki","fcode":"PPL","geonameId":817567,"lat":"54.29483","adminName1":"Tula","population":0},{"countryId":"2017370","adminCode1":"76","countryName":"Russia","fclName":"city, village,...","countryCode":"RU","lng":"37.27123","fcodeName":"populated place","toponymName":"Berniki","fcl":"P","name":"Berniki","fcode":"PPL","geonameId":576759,"lat":"54.29385","adminName1":"Tula","population":0},{"countryId":"630336","adminCode1":"03","countryName":"Belarus","fclName":"city, village,...","countryCode":"BY","lng":"25.8291","fcodeName":"populated place","toponymName":"Berniki","fcl":"P","name":"Berniki","fcode":"PPL","geonameId":8251891,"lat":"54.3945","adminName1":"Grodnenskaya","population":0},{"countryId":"630336","adminCode1":"07","countryName":"Belarus","fclName":"city, village,...","countryCode":"BY","lng":"30.3941","fcodeName":"populated place","toponymName":"Berniki","fcl":"P","name":"Berniki","fcode":"PPL","geonameId":8280152,"lat":"55.1637","adminName1":"Vitsyebskaya Voblastsʼ","population":0},{"countryId":"2017370","adminCode1":"69","countryName":"Russia","fclName":"city, village,...","countryCode":"RU","lng":"32.89386","fcodeName":"populated place","toponymName":"Berdniki","fcl":"P","name":"Berdniki","fcode":"PPL","geonameId":577464,"lat":"54.54909","adminName1":"Smolensk","population":0}]}