{"totalResultsCount":51,"geonames":[{"countryId":"2017370","adminCode1":"30","countryName":"Russia","fclName":"city, village,...","countryCode":"RU","lng":"134.36289","fcodeName":"populated place","toponymName":"Glebovo","fcl":"P","name":"Glebovo","fcode":"PPL","geonameId":2024064,"lat":"47.25778","adminName1":"Khabarovsk Krai","population":0},{"countryId":"2017370","adminCode1":"47","countryName":"Russia","fclName":"city, village,...","countryCode":"RU","lng":"37.71667","fcodeName":"populated place","toponymName":"Glebovo","fcl":"P","name":"Glebovo","fcode":"PPL","geonameId":561273,"lat":"56.9","adminName1":"Moskovskaya","population":0},{"countryId":"2017370","adminCode1":"56","countryName":"Russia","fclName":"city, village,...","countryCode":"RU","lng":"37.7844","fcodeName":"populated place","toponymName":"Glebovo","fcl":"P","name":"Glebovo","fcode":"PPL","geonameId":561287,"lat":"52.93733","adminName1":"Orjol","population":0},{"countryId":"2017370","adminCode1":"88","countryName":"Russia","fclName":"city, village,...","countryCode":"RU","lng":"38.44731","fcodeName":"populated place","toponymName":"Glebovo","fcl":"P","name":"Glebovo","fcode":"PPL","geonameId":561269,"lat":"58.00519","adminName1":"Jaroslavl","population":0},{"countryId":"2017370","adminCode1":"62","countryName":"Russia","fclName":"city, village,...","countryCode":"RU","lng":"41.17557","fcodeName":"populated place","toponymName":"Glebovo","fcl":"P","name":"Glebovo","fcode":"PPL","geonameId":561285,"lat":"54.14208","adminName1":"Rjazan","population":0},{"countryId":"2017370","adminCode1":"85","countryName":"Russia","fclName":"city, village,...","countryCode":"RU","lng":"36.8344","fcodeName":"populated place","toponymName":"Glebovo","fcl":"P","name":"Glebovo","fcode":"PPL","geonameId":561265,"lat":"59.8046","adminName1":"Vologda","population":0},{"countryId":"2017370","adminCode1":"42","countryName":"Russia","fclName":"city, village,...","countryCode":"RU","lng":"30.56667","fcodeName":"populated place","toponymName":"Glebovo","fcl":"P","name":"Glebovo","fcode":"PPL","geonameId":561266,"lat":"59.18333","adminName1":"Leningrad","population":0},{"countryId":"2017370","adminCode1":"52","countryName":"Russia","fclName":"city, village,...","countryCode":"RU","lng":"34.96667","fcodeName":"populated place","toponymName":"Glebovo","fcl":"P","name":"Glebovo","fcode":"PPL","geonameId":561268,"lat":"58.31667","adminName1":"Novgorod","population":0},{"countryId":"2017370","adminCode1":"37","countryName":"Russia","fclName":"city, village,...","countryCode":"RU","lng":"41.69816","fcodeName":"populated place","toponymName":"Glebovo","fcl":"P","name":"Glebovo","fcode":"PPL","geonameId":561270,"lat":"57.92822","adminName1":"Kostroma","population":0},{"countryId":"2017370","adminCode1":"77","countryName":"Russia","fclName":"city, village,...","countryCode":"RU","lng":"36.65","fcodeName":"populated place","toponymName":"Glebovo","fcl":"P","name":"Glebovo","fcode":"PPL","geonameId":561272,"lat":"57.18333","adminName1":"Tverskaya","population":0},{"countryId":"2017370","adminCode1":"77","countryName":"Russia","fclName":"city, village,...","countryCode":"RU","lng":"34.43816","fcodeName":"populated place","toponymName":"Glebovo","fcl":"P","name":"Glebovo","fcode":"PPL","geonameId":561276,"lat":"56.36354","adminName1":"Tverskaya","population":0},{"countryId":"2017370","adminCode1":"77","countryName":"Russia","fclName":"city, village,...","countryCode":"RU","lng":"35.30129","fcodeName":"populated place","toponymName":"Glebovo","fcl":"P","name":"Glebovo","fcode":"PPL","geonameId":561277,"lat":"56.28388","adminName1":"Tverskaya","population":0},{"countryId":"2017370","adminCode1":"51","countryName":"Russia","fclName":"city, village,...","countryCode":"RU","lng":"42.63333","fcodeName":"populated place","toponymName":"Glebovo","fcl":"P","name":"Glebovo","fcode":"PPL","geonameId":561279,"lat":"55.78333","adminName1":"Nizjnij Novgorod","population":0},{"countryId":"2017370","adminCode1":"47","countryName":"Russia","fclName":"city, village,...","countryCode":"RU","lng":"38.43623","fcodeName":"populated place","toponymName":"Glebovo","fcl":"P","name":"Glebovo","fcode":"PPL","geonameId":561282,"lat":"55.5894","adminName1":"Moskovskaya","population":0},{"countryId":"2017370","adminCode1":"62","countryName":"Russia","fclName":"city, village,...","countryCode":"RU","lng":"39.9421","fcodeName":"populated place","toponymName":"Glebovo","fcl":"P","name":"Glebovo","fcode":"PPL","geonameId":561284,"lat":"54.5521","adminName1":"Rjazan","population":0},{"countryId":"2017370","adminCode1":"56","countryName":"Russia","fclName":"city, village,...","countryCode":"RU","lng":"36.20817","fcodeName":"populated place","toponymName":"Glebovo","fcl":"P","name":"Glebovo","fcode":"PPL","geonameId":561289,"lat":"52.47674","adminName1":"Orjol","population":0},{"countryId":"2017370","adminCode1":"41","countryName":"Russia","fclName":"city, village,...","countryCode":"RU","lng":"35.95417","fcodeName":"populated place","toponymName":"Glebovo","fcl":"P","name":"Glebovo","fcode":"PPL","geonameId":561290,"lat":"52.10194","adminName1":"Kursk","population":0},{"countryId":"2017370","adminCode1":"77","countryName":"Russia","fclName":"city, village,...","countryCode":"RU","lng":"34.61319","fcodeName":"populated place","toponymName":"Glebovo","fcl":"P","name":"Glebovo","fcode":"PPL","geonameId":452047,"lat":"57.22346","adminName1":"Tverskaya","population":0},{"countryId":"2017370","adminCode1":"76","countryName":"Russia","fclName":"city, village,...","countryCode":"RU","lng":"37.25652","fcodeName":"populated place","toponymName":"Glebovo","fcl":"P","name":"Glebovo","fcode":"PPL","geonameId":819712,"lat":"54.35586","adminName1":"Tula","population":0},{"countryId":"2017370","adminCode1":"25","countryName":"Russia","fclName":"city, village,...","countryCode":"RU","lng":"36.88456","fcodeName":"populated place","toponymName":"Glebovo","fcl":"P","name":"Glebovo","fcode":"PPL","geonameId":820052,"lat":"54.41854","adminName1":"Kaluga","population":0},{"countryId":"2017370","adminCode1":"85","countryName":"Russia","fclName":"city, village,...","countryCode":"RU","lng":"40.57583","fcodeName":"populated place","toponymName":"Glebovo","fcl":"P","name":"Glebovo","fcode":"PPL","geonameId":824298,"lat":"59.65083","adminName1":"Vologda","population":0},{"countryId":"2017370","adminCode1":"37","countryName":"Russia","fclName":"city, village,...","countryCode":"RU","lng":"43.7706","fcodeName":"populated place","toponymName":"Glebovo","fcl":"P","name":"Glebovo","fcode":"PPL","geonameId":7493078,"lat":"58.1778","adminName1":"Kostroma","population":0},{"countryId":"2017370","adminCode1":"88","countryName":"Russia","fclName":"city, village,...","countryCode":"RU","lng":"38.7","fcodeName":"populated place","toponymName":"Glebovo","fcl":"P","name":"Glebovo","fcode":"PPL","geonameId":561274,"lat":"56.65","adminName1":"Jaroslavl","population":0},{"countryId":"2017370","adminCode1":"76","countryName":"Russia","fclName":"city, village,...","countryCode":"RU","lng":"37.41919","fcodeName":"populated place","toponymName":"Glebovo","fcl":"P","name":"Glebovo","fcode":"PPL","geonameId":561286,"lat":"53.31139","adminName1":"Tula","population":0},{"countryId":"2017370","adminCode1":"90","countryName":"Russia","fclName":"city, village,...","countryCode":"RU","lng":"56.33333","fcodeName":"populated place","toponymName":"Glebovo","fcl":"P","name":"Glebovo","fcode":"PPL","geonameId":561264,"lat":"60.38333","adminName1":"Perm","population":0},{"countryId":"2017370","adminCode1":"52","countryName":"Russia","fclName":"city, village,...","countryCode":"RU","lng":"31.80992","fcodeName":"populated place","toponymName":"Glebovo","fcl":"P","name":"Glebovo","fcode":"PPL","geonameId":561267,"lat":"58.553","adminName1":"Novgorod","population":0},{"countryId":"2017370","adminCode1":"83","countryName":"Russia","fclName":"city, village,...","countryCode":"RU","lng":"41.5666","fcodeName":"populated place","toponymName":"Glebovo","fcl":"P","name":"Glebovo","fcode":"PPL","geonameId":561281,"lat":"55.6397","adminName1":"Vladimir","population":0},{"countryId":"2017370","adminCode1":"47","countryName":"Russia","fclName":"city, village,...","countryCode":"RU","lng":"38.13004","fcodeName":"populated place","toponymName":"Glebovo","fcl":"P","name":"Glebovo","fcode":"PPL","geonameId":561283,"lat":"55.17678","adminName1":"Moskovskaya","population":0},{"countryId":"2017370","adminCode1":"56","countryName":"Russia","fclName":"city, village,...","countryCode":"RU","lng":"36.22772","fcodeName":"populated place","toponymName":"Glebovo","fcl":"P","name":"Glebovo","fcode":"PPL","geonameId":561288,"lat":"52.67128","adminName1":"Orjol","population":0},{"countryId":"2017370","adminCode1":"77","countryName":"Russia","fclName":"city, village,...","countryCode":"RU","lng":"34.19836","fcodeName":"populated place","toponymName":"Glebovo","fcl":"P","name":"Glebovo","fcode":"PPL","geonameId":452046,"lat":"57.26577","adminName1":"Tverskaya","population":0},{"countryId":"2017370","adminCode1":"88","countryName":"Russia","fclName":"city, village,...","countryCode":"RU","lng":"40.67986","fcodeName":"populated place","toponymName":"Glebovo","fcl":"P","name":"Glebovo","fcode":"PPL","geonameId":6312830,"lat":"58.13985","adminName1":"Jaroslavl","population":0},{"countryId":"2017370","adminCode1":"47","countryName":"Russia","fclName":"city, village,...","countryCode":"RU","lng":"37.71843","fcodeName":"populated place","toponymName":"Glebovo","fcl":"P","name":"Glebovo","fcode":"PPL","geonameId":816615,"lat":"54.73811","adminName1":"Moskovskaya","population":0},{"countryId":"2017370","adminCode1":"25","countryName":"Russia","fclName":"city, village,...","countryCode":"RU","lng":"35.7349","fcodeName":"populated place","toponymName":"Glebovo","fcl":"P","name":"Glebovo","fcode":"PPL","geonameId":811089,"lat":"55.03348","adminName1":"Kaluga","population":0},{"countryId":"2017370","adminCode1":"83","countryName":"Russia","fclName":"city, village,...","countryCode":"RU","lng":"41.45968","fcodeName":"populated place","toponymName":"Glebovo","fcl":"P","name":"Glebovo","fcode":"PPL","geonameId":561275,"lat":"56.42337","adminName1":"Vladimir","population":0},{"countryId":"2017370","adminCode1":"47","countryName":"Russia","fclName":"city, village,...","countryCode":"RU","lng":"36.69389","fcodeName":"populated place","toponymName":"Glebovo","fcl":"P","name":"Glebovo","fcode":"PPL","geonameId":561278,"lat":"55.955","adminName1":"Moskovskaya","population":0},{"countryId":"2017370","adminCode1":"47","countryName":"Russia","fclName":"city, village,...","countryCode":"RU","lng":"38.92719","fcodeName":"populated place","toponymName":"Glebovo","fcl":"P","name":"Glebovo","fcode":"PPL","geonameId":561280,"lat":"55.66198","adminName1":"Moskovskaya","population":0},{"countryId":"2017370","adminCode1":"77","countryName":"Russia","fclName":"city, village,...","countryCode":"RU","lng":"33.07588","fcodeName":"populated place","toponymName":"Glebovo","fcl":"P","name":"Glebovo","fcode":"PPL","geonameId":453470,"lat":"57.40088","adminName1":"Tverskaya","population":0},{"countryId":"2017370","adminCode1":"41","countryName":"Russia","fclName":"city, village,...","countryCode":"RU","lng":"35.7757","fcodeName":"populated place","toponymName":"Glebovo","fcl":"P","name":"Glebovo","fcode":"PPL","geonameId":7685941,"lat":"51.4643","adminName1":"Kursk","population":0},{"countryId":"2017370","adminCode1":"83","countryName":"Russia","fclName":"city, village,...","countryCode":"RU","lng":"40.75384","fcodeName":"populated place","toponymName":"Glebovo","fcl":"P","name":"Glebovo","fcode":"PPL","geonameId":7042402,"lat":"56.10521","adminName1":"Vladimir","population":0},{"countryId":"2017370","adminCode1":"88","countryName":"Russia","fclName":"city, village,...","countryCode":"RU","lng":"39.43088","fcodeName":"populated place","toponymName":"Glebovo","fcl":"P","name":"Glebovo","fcode":"PPL","geonameId":7078779,"lat":"57.37221","adminName1":"Jaroslavl","population":0},{"countryId":"2017370","adminCode1":"88","countryName":"Russia","fclName":"city, village,...","countryCode":"RU","lng":"39.30679","fcodeName":"populated place","toponymName":"Glebovo","fcl":"P","name":"Glebovo","fcode":"PPL","geonameId":7079145,"lat":"57.6812","adminName1":"Jaroslavl","population":0},{"countryId":"630336","adminCode1":"07","countryName":"Belarus","fclName":"city, village,...","countryCode":"BY","lng":"30.7983","fcodeName":"populated place","toponymName":"Glebovo","fcl":"P","name":"Glebovo","fcode":"PPL","geonameId":8280979,"lat":"54.4878","adminName1":"Vitsyebskaya Voblastsʼ","population":0},{"countryId":"2017370","adminCode1":"69","countryName":"Russia","fclName":"city, village,...","countryCode":"RU","lng":"34.45444","fcodeName":"populated place","toponymName":"Staroye Glebovo","fcl":"P","name":"Staroye Glebovo","fcode":"PPL","geonameId":488456,"lat":"55.20472","adminName1":"Smolensk","population":0},{"countryId":"2017370","adminCode1":"62","countryName":"Russia","fclName":"city, village,...","countryCode":"RU","lng":"39.2508","fcodeName":"populated place","toponymName":"Glebovo-Gorodishche","fcl":"P","name":"Glebovo-Gorodishche","fcode":"PPL","geonameId":818972,"lat":"54.6357","adminName1":"Rjazan","population":0},{"countryId":"2017370","adminCode1":"77","countryName":"Russia","fclName":"city, village,...","countryCode":"RU","lng":"35.16651","fcodeName":"populated place","toponymName":"Glebovo","fcl":"P","name":"Glebovo","fcode":"PPL","geonameId":6657471,"lat":"56.41355","adminName1":"Tverskaya","population":0},{"countryId":"2017370","adminCode1":"37","countryName":"Russia","fclName":"city, village,...","countryCode":"RU","lng":"41.62716","fcodeName":"populated place","toponymName":"Glebovo","fcl":"P","name":"Glebovo","fcode":"PPL","geonameId":6610442,"lat":"58.2727","adminName1":"Kostroma","population":0},{"countryId":"2017370","adminCode1":"47","countryName":"Russia","fclName":"city, village,...","countryCode":"RU","lng":"38.44252","fcodeName":"populated place","toponymName":"Zmeyevo-Glebovo","fcl":"P","name":"Zmeyevo-Glebovo","fcode":"PPL","geonameId":819048,"lat":"54.76924","adminName1":"Moskovskaya","population":0},{"countryId":"2017370","adminCode1":"76","countryName":"Russia","fclName":"city, village,...","countryCode":"RU","lng":"37.41781","fcodeName":"populated place","toponymName":"Krasnoye","fcl":"P","name":"Krasnoye","fcode":"PPL","geonameId":542106,"lat":"53.31832","adminName1":"Tula","population":0},{"countryId":"2017370","adminCode1":"77","countryName":"Russia","fclName":"city, village,...","countryCode":"RU","lng":"35.29535","fcodeName":"populated place","toponymName":"Khrebtovo","fcl":"P","name":"Khrebtovo","fcode":"PPL","geonameId":857099,"lat":"56.77477","adminName1":"Tverskaya","population":0},{"countryId":"2017370","adminCode1":"47","countryName":"Russia","fclName":"city, village,...","countryCode":"RU","lng":"38.5191","fcodeName":"populated place","toponymName":"Frolovskoye","fcl":"P","name":"Frolovskoye","fcode":"PPL","geonameId":562355,"lat":"54.76271","adminName1":"Moskovskaya","population":0},{"countryId":"2017370","adminCode1":"56","countryName":"Russia","fclName":"city, village,...","countryCode":"RU","lng":"36.43223","fcodeName":"populated place","toponymName":"Novaya Petrovka","fcl":"P","name":"Novaya Petrovka","fcode":"PPL","geonameId":518367,"lat":"52.74468","adminName1":"Orjol","population":0}]}