{"totalResultsCount":134,"geonames":[{"adminCode1":"69","lng":"31.16186","geonameId":533102,"toponymName":"Luzhki","countryId":"2017370","fcl":"P","population":0,"countryCode":"RU","name":"Luzhki","fclName":"city, village,...","countryName":"Russia","fcodeName":"populated place","adminName1":"Smolensk","lat":"55.31812","fcode":"PPL"},{"adminCode1":"62","lng":"39.02138","geonameId":533110,"toponymName":"Luzhki","countryId":"2017370","fcl":"P","population":0,"countryCode":"RU","name":"Luzhki","fclName":"city, village,...","countryName":"Russia","fcodeName":"populated place","adminName1":"Rjazan","lat":"53.97035","fcode":"PPL"},{"adminCode1":"07","lng":"27.8757","geonameId":625794,"toponymName":"Luzhki","countryId":"630336","fcl":"P","population":0,"countryCode":"BY","name":"Luzhki","fclName":"city, village,...","countryName":"Belarus","fcodeName":"populated place","adminName1":"Vitsyebskaya Voblastsʼ","lat":"55.3514","fcode":"PPL"},{"adminCode1":"42","lng":"28.81667","geonameId":533083,"toponymName":"Luzhki","countryId":"2017370","fcl":"P","population":0,"countryCode":"RU","name":"Luzhki","fclName":"city, village,...","countryName":"Russia","fcodeName":"populated place","adminName1":"Leningrad","lat":"59.53333","fcode":"PPL"},{"adminCode1":"33","lng":"49.13333","geonameId":533086,"toponymName":"Luzhki","countryId":"2017370","fcl":"P","population":0,"countryCode":"RU","name":"Luzhki","fclName":"city, village,...","countryName":"Russia","fcodeName":"populated place","adminName1":"Kirov","lat":"57.65","fcode":"PPL"},{"adminCode1":"52","lng":"31.03333","geonameId":533087,"toponymName":"Luzhki","countryId":"2017370","fcl":"P","population":0,"countryCode":"RU","name":"Luzhki","fclName":"city, village,...","countryName":"Russia","fcodeName":"populated place","adminName1":"Novgorod","lat":"57.61667","fcode":"PPL"},{"adminCode1":"90","lng":"56.623","geonameId":533089,"toponymName":"Luzhki","countryId":"2017370","fcl":"P","population":0,"countryCode":"RU","name":"Luzhki","fclName":"city, village,...","countryName":"Russia","fcodeName":"populated place","adminName1":"Perm","lat":"57.3523","fcode":"PPL"},{"adminCode1":"77","lng":"35.48225","geonameId":533090,"toponymName":"Luzhki","countryId":"2017370","fcl":"P","population":0,"countryCode":"RU","name":"Luzhki","fclName":"city, village,...","countryName":"Russia","fcodeName":"populated place","adminName1":"Tverskaya","lat":"57.20458","fcode":"PPL"},{"adminCode1":"88","lng":"38.95548","geonameId":533091,"toponymName":"Luzhki","countryId":"2017370","fcl":"P","population":0,"countryCode":"RU","name":"Luzhki","fclName":"city, village,...","countryName":"Russia","fcodeName":"populated place","adminName1":"Jaroslavl","lat":"57.13712","fcode":"PPL"},{"adminCode1":"60","lng":"28.99947","geonameId":533095,"toponymName":"Luzhki","countryId":"2017370","fcl":"P","population":0,"countryCode":"RU","name":"Luzhki","fclName":"city, village,...","countryName":"Russia","fcodeName":"populated place","adminName1":"Pskov","lat":"56.25865","fcode":"PPL"},{"adminCode1":"47","lng":"36.96594","geonameId":533097,"toponymName":"Luzhki","countryId":"2017370","fcl":"P","population":0,"countryCode":"RU","name":"Luzhki","fclName":"city, village,...","countryName":"Russia","fcodeName":"populated place","adminName1":"Moskovskaya","lat":"55.85138","fcode":"PPL"},{"adminCode1":"47","lng":"36.05","geonameId":533098,"toponymName":"Luzhki","countryId":"2017370","fcl":"P","population":0,"countryCode":"RU","name":"Luzhki","fclName":"city, village,...","countryName":"Russia","fcodeName":"populated place","adminName1":"Moskovskaya","lat":"55.8","fcode":"PPL"},{"adminCode1":"47","lng":"37.11551","geonameId":533100,"toponymName":"Luzhki","countryId":"2017370","fcl":"P","population":0,"countryCode":"RU","name":"Luzhki","fclName":"city, village,...","countryName":"Russia","fcodeName":"populated place","adminName1":"Moskovskaya","lat":"55.42309","fcode":"PPL"},{"adminCode1":"47","lng":"36.14222","geonameId":533101,"toponymName":"Luzhki","countryId":"2017370","fcl":"P","population":0,"countryCode":"RU","name":"Luzhki","fclName":"city, village,...","countryName":"Russia","fcodeName":"populated place","adminName1":"Moskovskaya","lat":"55.42222","fcode":"PPL"},{"adminCode1":"25","lng":"34.66466","geonameId":533111,"toponymName":"Luzhki","countryId":"2017370","fcl":"P","population":0,"countryCode":"RU","name":"Luzhki","fclName":"city, village,...","countryName":"Russia","fcodeName":"populated place","adminName1":"Kaluga","lat":"53.41726","fcode":"PPL"},{"adminCode1":"56","lng":"36.01667","geonameId":533113,"toponymName":"Luzhki","countryId":"2017370","fcl":"P","population":0,"countryCode":"RU","name":"Luzhki","fclName":"city, village,...","countryName":"Russia","fcodeName":"populated place","adminName1":"Orjol","lat":"52.7","fcode":"PPL"},{"adminCode1":"41","lng":"35.4845","geonameId":533117,"toponymName":"Luzhki","countryId":"2017370","fcl":"P","population":0,"countryCode":"RU","name":"Luzhki","fclName":"city, village,...","countryName":"Russia","fcodeName":"populated place","adminName1":"Kursk","lat":"52.3473","fcode":"PPL"},{"adminCode1":"10","lng":"32.5774","geonameId":533118,"toponymName":"Luzhki","countryId":"2017370","fcl":"P","population":0,"countryCode":"RU","name":"Luzhki","fclName":"city, village,...","countryName":"Russia","fcodeName":"populated place","adminName1":"Brjansk","lat":"52.35901","fcode":"PPL"},{"adminCode1":"55","lng":"59.10528","geonameId":533120,"toponymName":"Luzhki","countryId":"2017370","fcl":"P","population":0,"countryCode":"RU","name":"Luzhki","fclName":"city, village,...","countryName":"Russia","fcodeName":"populated place","adminName1":"Orenburg","lat":"51.25361","fcode":"PPL"},{"adminCode1":"21","lng":"41.77799","geonameId":6423267,"toponymName":"Luzhki","countryId":"2017370","fcl":"P","population":0,"countryCode":"RU","name":"Luzhki","fclName":"city, village,...","countryName":"Russia","fcodeName":"populated place","adminName1":"Ivanovo","lat":"56.82302","fcode":"PPL"},{"adminCode1":"20","lng":"107.46667","geonameId":2020650,"toponymName":"Luzhki","countryId":"2017370","fcl":"P","population":0,"countryCode":"RU","name":"Luzhki","fclName":"city, village,...","countryName":"Russia","fcodeName":"populated place","adminName1":"Irkutsk","lat":"56.16667","fcode":"PPL"},{"adminCode1":"59","lng":"138.428","geonameId":2020651,"toponymName":"Luzhki","countryId":"2017370","fcl":"P","population":0,"countryCode":"RU","name":"Luzhki","fclName":"city, village,...","countryName":"Russia","fcodeName":"populated place","adminName1":"Primorskiy","lat":"47.02354","fcode":"PPL"},{"adminCode1":"23","lng":"21.05056","geonameId":866468,"toponymName":"Luzhki","countryId":"2017370","fcl":"P","population":0,"countryCode":"RU","name":"Luzhki","fclName":"city, village,...","countryName":"Russia","fcodeName":"populated place","adminName1":"Kaliningrad","lat":"54.675","fcode":"PPL"},{"adminCode1":"23","lng":"21.74083","geonameId":867236,"toponymName":"Luzhki","countryId":"2017370","fcl":"P","population":0,"countryCode":"RU","name":"Luzhki","fclName":"city, village,...","countryName":"Russia","fcodeName":"populated place","adminName1":"Kaliningrad","lat":"55.05139","fcode":"PPL"},{"adminCode1":"23","lng":"21.7753","geonameId":867324,"toponymName":"Luzhki","countryId":"2017370","fcl":"P","population":0,"countryCode":"RU","name":"Luzhki","fclName":"city, village,...","countryName":"Russia","fcodeName":"populated place","adminName1":"Kaliningrad","lat":"55.07093","fcode":"PPL"},{"adminCode1":"62","lng":"39.6968","geonameId":817836,"toponymName":"Luzhki","countryId":"2017370","fcl":"P","population":0,"countryCode":"RU","name":"Luzhki","fclName":"city, village,...","countryName":"Russia","fcodeName":"populated place","adminName1":"Rjazan","lat":"54.3143","fcode":"PPL"},{"adminCode1":"62","lng":"39.9633","geonameId":818741,"toponymName":"Luzhki","countryId":"2017370","fcl":"P","population":0,"countryCode":"RU","name":"Luzhki","fclName":"city, village,...","countryName":"Russia","fcodeName":"populated place","adminName1":"Rjazan","lat":"54.5771","fcode":"PPL"},{"adminCode1":"23","lng":"20.53136","geonameId":825737,"toponymName":"Luzhki","countryId":"2017370","fcl":"P","population":0,"countryCode":"RU","name":"Luzhki","fclName":"city, village,...","countryName":"Russia","fcodeName":"populated place","adminName1":"Kaliningrad","lat":"54.64503","fcode":"PPL"},{"adminCode1":"23","lng":"21.47611","geonameId":825922,"toponymName":"Luzhki","countryId":"2017370","fcl":"P","population":0,"countryCode":"RU","name":"Luzhki","fclName":"city, village,...","countryName":"Russia","fcodeName":"populated place","adminName1":"Kaliningrad","lat":"54.48056","fcode":"PPL"},{"adminCode1":"23","lng":"21.70136","geonameId":826006,"toponymName":"Luzhki","countryId":"2017370","fcl":"P","population":0,"countryCode":"RU","name":"Luzhki","fclName":"city, village,...","countryName":"Russia","fcodeName":"populated place","adminName1":"Kaliningrad","lat":"54.4565","fcode":"PPL"},{"adminCode1":"42","lng":"28.4928","geonameId":7611381,"toponymName":"Luzhki","countryId":"2017370","fcl":"P","population":0,"countryCode":"RU","name":"Luzhki","fclName":"city, village,...","countryName":"Russia","fcodeName":"populated place","adminName1":"Leningrad","lat":"58.9829","fcode":"PPL"},{"adminCode1":"61","lng":"41.1885","geonameId":7436276,"toponymName":"Luzhki","countryId":"2017370","fcl":"P","population":0,"countryCode":"RU","name":"Luzhki","fclName":"city, village,...","countryName":"Russia","fcodeName":"populated place","adminName1":"Rostov","lat":"46.9412","fcode":"PPL"},{"adminCode1":"60","lng":"30.0665","geonameId":7600724,"toponymName":"Luzhki","countryId":"2017370","fcl":"P","population":0,"countryCode":"RU","name":"Luzhki","fclName":"city, village,...","countryName":"Russia","fcodeName":"populated place","adminName1":"Pskov","lat":"57.8482","fcode":"PPL"},{"adminCode1":"52","lng":"30.7616","geonameId":7600883,"toponymName":"Luzhki","countryId":"2017370","fcl":"P","population":0,"countryCode":"RU","name":"Luzhki","fclName":"city, village,...","countryName":"Russia","fcodeName":"populated place","adminName1":"Novgorod","lat":"57.802","fcode":"PPL"},{"adminCode1":"42","lng":"29.00035","geonameId":533082,"toponymName":"Luzhki","countryId":"2017370","fcl":"P","population":0,"countryCode":"RU","name":"Luzhki","fclName":"city, village,...","countryName":"Russia","fcodeName":"populated place","adminName1":"Leningrad","lat":"60.27392","fcode":"PPL"},{"adminCode1":"42","lng":"30.105","geonameId":533084,"toponymName":"Luzhki","countryId":"2017370","fcl":"P","population":0,"countryCode":"RU","name":"Luzhki","fclName":"city, village,...","countryName":"Russia","fcodeName":"populated place","adminName1":"Leningrad","lat":"59.045","fcode":"PPL"},{"adminCode1":"52","lng":"30.16048","geonameId":533085,"toponymName":"Luzhki","countryId":"2017370","fcl":"P","population":0,"countryCode":"RU","name":"Luzhki","fclName":"city, village,...","countryName":"Russia","fcodeName":"populated place","adminName1":"Novgorod","lat":"58.56392","fcode":"PPL"},{"adminCode1":"51","lng":"44.08333","geonameId":533092,"toponymName":"Luzhki","countryId":"2017370","fcl":"P","population":0,"countryCode":"RU","name":"Luzhki","fclName":"city, village,...","countryName":"Russia","fcodeName":"populated place","adminName1":"Nizjnij Novgorod","lat":"56.41667","fcode":"PPL"},{"adminCode1":"69","lng":"33.93333","geonameId":533103,"toponymName":"Luzhki","countryId":"2017370","fcl":"P","population":0,"countryCode":"RU","name":"Luzhki","fclName":"city, village,...","countryName":"Russia","fcodeName":"populated place","adminName1":"Smolensk","lat":"55.01667","fcode":"PPL"},{"adminCode1":"69","lng":"34.87083","geonameId":533105,"toponymName":"Luzhki","countryId":"2017370","fcl":"P","population":0,"countryCode":"RU","name":"Luzhki","fclName":"city, village,...","countryName":"Russia","fcodeName":"populated place","adminName1":"Smolensk","lat":"54.81139","fcode":"PPL"},{"adminCode1":"62","lng":"39.33759","geonameId":533106,"toponymName":"Luzhki","countryId":"2017370","fcl":"P","population":0,"countryCode":"RU","name":"Luzhki","fclName":"city, village,...","countryName":"Russia","fcodeName":"populated place","adminName1":"Rjazan","lat":"54.66794","fcode":"PPL"},{"adminCode1":"72","lng":"42.21181","geonameId":533115,"toponymName":"Luzhki","countryId":"2017370","fcl":"P","population":0,"countryCode":"RU","name":"Luzhki","fclName":"city, village,...","countryName":"Russia","fcodeName":"populated place","adminName1":"Tambov","lat":"52.39612","fcode":"PPL"},{"adminCode1":"64","lng":"141.88333","geonameId":2123665,"toponymName":"Luzhki","countryId":"2017370","fcl":"P","population":0,"countryCode":"RU","name":"Luzhki","fclName":"city, village,...","countryName":"Russia","fcodeName":"populated place","adminName1":"Sakhalin","lat":"46.31667","fcode":"PPL"},{"adminCode1":"20","lng":"106.51667","geonameId":2020649,"toponymName":"Luzhki","countryId":"2017370","fcl":"P","population":0,"countryCode":"RU","name":"Luzhki","fclName":"city, village,...","countryName":"Russia","fcodeName":"populated place","adminName1":"Irkutsk","lat":"58.88333","fcode":"PPL"},{"adminCode1":"91","lng":"94.77241","geonameId":1536909,"toponymName":"Luzhki","countryId":"2017370","fcl":"P","population":0,"countryCode":"RU","name":"Luzhki","fclName":"city, village,...","countryName":"Russia","fcodeName":"populated place","adminName1":"Krasnoyarskiy","lat":"57.31235","fcode":"PPL"},{"adminCode1":"47","lng":"35.57096","geonameId":857321,"toponymName":"Luzhki","countryId":"2017370","fcl":"P","population":0,"countryCode":"RU","name":"Luzhki","fclName":"city, village,...","countryName":"Russia","fcodeName":"populated place","adminName1":"Moskovskaya","lat":"56.19139","fcode":"PPL"},{"adminCode1":"37","lng":"40.73528","geonameId":827806,"toponymName":"Luzhki","countryId":"2017370","fcl":"P","population":0,"countryCode":"RU","name":"Luzhki","fclName":"city, village,...","countryName":"Russia","fcodeName":"populated place","adminName1":"Kostroma","lat":"57.36528","fcode":"PPL"},{"adminCode1":"77","lng":"37.436","geonameId":7586489,"toponymName":"Luzhki","countryId":"2017370","fcl":"P","population":0,"countryCode":"RU","name":"Luzhki","fclName":"city, village,...","countryName":"Russia","fcodeName":"populated place","adminName1":"Tverskaya","lat":"57.2572","fcode":"PPL"},{"adminCode1":"65","lng":"50.63137","geonameId":530104,"toponymName":"Luzhki","countryId":"2017370","fcl":"P","population":0,"countryCode":"RU","name":"Luzhki","fclName":"city, village,...","countryName":"Russia","fcodeName":"populated place","adminName1":"Samara","lat":"53.64382","fcode":"PPL"},{"adminCode1":"77","lng":"34.84754","geonameId":533094,"toponymName":"Luzhki","countryId":"2017370","fcl":"P","population":0,"countryCode":"RU","name":"Luzhki","fclName":"city, village,...","countryName":"Russia","fcodeName":"populated place","adminName1":"Tverskaya","lat":"56.2779","fcode":"PPL"},{"adminCode1":"51","lng":"45.15853","geonameId":533096,"toponymName":"Luzhki","countryId":"2017370","fcl":"P","population":0,"countryCode":"RU","name":"Luzhki","fclName":"city, village,...","countryName":"Russia","fcodeName":"populated place","adminName1":"Nizjnij Novgorod","lat":"56.04028","fcode":"PPL"},{"adminCode1":"83","lng":"41.9164","geonameId":533099,"toponymName":"Luzhki","countryId":"2017370","fcl":"P","population":0,"countryCode":"RU","name":"Luzhki","fclName":"city, village,...","countryName":"Russia","fcodeName":"populated place","adminName1":"Vladimir","lat":"55.431","fcode":"PPL"},{"adminCode1":"76","lng":"37.10546","geonameId":533107,"toponymName":"Luzhki","countryId":"2017370","fcl":"P","population":0,"countryCode":"RU","name":"Luzhki","fclName":"city, village,...","countryName":"Russia","fcodeName":"populated place","adminName1":"Tula","lat":"54.36957","fcode":"PPL"},{"adminCode1":"10","lng":"32.95847","geonameId":533112,"toponymName":"Luzhki","countryId":"2017370","fcl":"P","population":0,"countryCode":"RU","name":"Luzhki","fclName":"city, village,...","countryName":"Russia","fcodeName":"populated place","adminName1":"Brjansk","lat":"52.77794","fcode":"PPL"},{"adminCode1":"10","lng":"32.15784","geonameId":533116,"toponymName":"Luzhki","countryId":"2017370","fcl":"P","population":0,"countryCode":"RU","name":"Luzhki","fclName":"city, village,...","countryName":"Russia","fcodeName":"populated place","adminName1":"Brjansk","lat":"52.50683","fcode":"PPL"},{"adminCode1":"20","lng":"107.84389","geonameId":2020648,"toponymName":"Luzhki","countryId":"2017370","fcl":"P","population":0,"countryCode":"RU","name":"Luzhki","fclName":"city, village,...","countryName":"Russia","fcodeName":"abandoned populated place","adminName1":"Irkutsk","lat":"60.45056","fcode":"PPLQ"},{"adminCode1":"23","lng":"20.51293","geonameId":825327,"toponymName":"Luzhki","countryId":"2017370","fcl":"P","population":0,"countryCode":"RU","name":"Luzhki","fclName":"city, village,...","countryName":"Russia","fcodeName":"populated place","adminName1":"Kaliningrad","lat":"54.89614","fcode":"PPL"},{"adminCode1":"83","lng":"42.2727","geonameId":533093,"toponymName":"Luzhki","countryId":"2017370","fcl":"P","population":0,"countryCode":"RU","name":"Luzhki","fclName":"city, village,...","countryName":"Russia","fcodeName":"populated place","adminName1":"Vladimir","lat":"56.30372","fcode":"PPL"},{"adminCode1":"76","lng":"36.67862","geonameId":533109,"toponymName":"Luzhki","countryId":"2017370","fcl":"P","population":0,"countryCode":"RU","name":"Luzhki","fclName":"city, village,...","countryName":"Russia","fcodeName":"populated place","adminName1":"Tula","lat":"54.06035","fcode":"PPL"},{"adminCode1":"07","lng":"30.3076","geonameId":811673,"toponymName":"Luzhki","countryId":"630336","fcl":"P","population":0,"countryCode":"BY","name":"Luzhki","fclName":"city, village,...","countryName":"Belarus","fcodeName":"populated place","adminName1":"Vitsyebskaya Voblastsʼ","lat":"55.3561","fcode":"PPL"},{"adminCode1":"06","lng":"31.4377","geonameId":812847,"toponymName":"Luzhki","countryId":"630336","fcl":"P","population":0,"countryCode":"BY","name":"Luzhki","fclName":"city, village,...","countryName":"Belarus","fcodeName":"populated place","adminName1":"Mahilyowskaya Voblastsʼ","lat":"54.1768","fcode":"PPL"},{"adminCode1":"07","lng":"28.8123","geonameId":625796,"toponymName":"Luzhki","countryId":"630336","fcl":"P","population":0,"countryCode":"BY","name":"Luzhki","fclName":"city, village,...","countryName":"Belarus","fcodeName":"populated place","adminName1":"Vitsyebskaya Voblastsʼ","lat":"54.5926","fcode":"PPL"},{"adminCode1":"07","lng":"27.5013","geonameId":8221568,"toponymName":"Luzhki","countryId":"630336","fcl":"P","population":0,"countryCode":"BY","name":"Luzhki","fclName":"city, village,...","countryName":"Belarus","fcodeName":"populated place","adminName1":"Vitsyebskaya Voblastsʼ","lat":"55.2146","fcode":"PPL"},{"adminCode1":"05","lng":"27.9739","geonameId":8247190,"toponymName":"Luzhki","countryId":"630336","fcl":"P","population":0,"countryCode":"BY","name":"Luzhki","fclName":"city, village,...","countryName":"Belarus","fcodeName":"populated place","adminName1":"Minskaja Voblasts’","lat":"54.0326","fcode":"PPL"},{"adminCode1":"03","lng":"23.807","geonameId":8075364,"toponymName":"Luzhki","countryId":"630336","fcl":"P","population":0,"countryCode":"BY","name":"Luzhki","fclName":"city, village,...","countryName":"Belarus","fcodeName":"populated place","adminName1":"Grodnenskaya","lat":"53.4635","fcode":"PPL"},{"adminCode1":"60","lng":"28.72266","geonameId":7094119,"toponymName":"Luzhki","countryId":"2017370","fcl":"P","population":0,"countryCode":"RU","name":"Luzhki","fclName":"city, village,...","countryName":"Russia","fcodeName":"populated place","adminName1":"Pskov","lat":"57.17719","fcode":"PPL"},{"adminCode1":"47","lng":"37.55808","geonameId":533104,"toponymName":"Luzhki","countryId":"2017370","fcl":"P","population":0,"countryCode":"RU","name":"Luzhki","fclName":"city, village,...","countryName":"Russia","fcodeName":"populated place","adminName1":"Moskovskaya","lat":"54.85833","fcode":"PPL"},{"adminCode1":"72","lng":"41.41356","geonameId":533114,"toponymName":"Luzhki","countryId":"2017370","fcl":"P","population":0,"countryCode":"RU","name":"Luzhki","fclName":"city, village,...","countryName":"Russia","fcodeName":"populated place","adminName1":"Tambov","lat":"52.64095","fcode":"PPL"},{"adminCode1":"07","lng":"30.2363","geonameId":625795,"toponymName":"Luzhki","countryId":"630336","fcl":"P","population":0,"countryCode":"BY","name":"Luzhki","fclName":"city, village,...","countryName":"Belarus","fcodeName":"populated place","adminName1":"Vitsyebskaya Voblastsʼ","lat":"54.7195","fcode":"PPL"},{"adminCode1":"62","lng":"39.5301","geonameId":7690409,"toponymName":"Luzhki","countryId":"2017370","fcl":"P","population":0,"countryCode":"RU","name":"Luzhki","fclName":"city, village,...","countryName":"Russia","fcodeName":"populated place","adminName1":"Rjazan","lat":"54.5001","fcode":"PPL"},{"adminCode1":"60","lng":"28.9106","geonameId":7080868,"toponymName":"Luzhki","countryId":"2017370","fcl":"P","population":0,"countryCode":"RU","name":"Luzhki","fclName":"city, village,...","countryName":"Russia","fcodeName":"populated place","adminName1":"Pskov","lat":"56.3387","fcode":"PPL"},{"adminCode1":"62","lng":"40.0912","geonameId":8356309,"toponymName":"Luzhki","countryId":"2017370","fcl":"P","population":0,"countryCode":"RU","name":"Luzhki","fclName":"city, village,...","countryName":"Russia","fcodeName":"populated place","adminName1":"Rjazan","lat":"54.05","fcode":"PPL"},{"adminCode1":"69","lng":"34.17528","geonameId":574108,"toponymName":"Luzhki","countryId":"2017370","fcl":"P","population":0,"countryCode":"RU","name":"Luzhki","fclName":"city, village,...","countryName":"Russia","fcodeName":"populated place","adminName1":"Smolensk","lat":"54.68889","fcode":"PPL"},{"adminCode1":"52","lng":"31.82985","geonameId":533088,"toponymName":"Luzhki","countryId":"2017370","fcl":"P","population":0,"countryCode":"RU","name":"Luzhki","fclName":"city, village,...","countryName":"Russia","fcodeName":"abandoned populated place","adminName1":"Novgorod","lat":"57.44952","fcode":"PPLQ"},{"adminCode1":"56","lng":"36.0678","geonameId":7451543,"toponymName":"Luzhki","countryId":"2017370","fcl":"P","population":0,"countryCode":"RU","name":"Luzhki","fclName":"city, village,...","countryName":"Russia","fcodeName":"section of populated place","adminName1":"Orjol","lat":"52.9334","fcode":"PPLX"},{"adminCode1":"21","lng":"34.14453","geonameId":702553,"toponymName":"Luzhky","countryId":"690791","fcl":"P","population":0,"countryCode":"UA","name":"Luzhky","fclName":"city, village,...","countryName":"Ukraine","fcodeName":"populated place","adminName1":"Sumy","lat":"51.79221","fcode":"PPL"},{"adminCode1":"00","lng":"27.38333","geonameId":625798,"toponymName":"Luzhki","countryId":"630336","fcl":"P","population":0,"countryCode":"BY","name":"Luzhki","fclName":"city, village,...","countryName":"Belarus","fcodeName":"populated place","adminName1":"","lat":"51.7","fcode":"PPL"},{"adminCode1":"05","lng":"38.26001","geonameId":7503135,"toponymName":"Luzhky","countryId":"690791","fcl":"P","population":0,"countryCode":"UA","name":"Luzhky","fclName":"city, village,...","countryName":"Ukraine","fcodeName":"populated place","adminName1":"Donetsk","lat":"47.58245","fcode":"PPL"},{"adminCode1":"05","lng":"126.8","geonameId":2016536,"toponymName":"Simonovy Luzhki","countryId":"2017370","fcl":"P","population":0,"countryCode":"RU","name":"Simonovy Luzhki","fclName":"city, village,...","countryName":"Russia","fcodeName":"populated place","adminName1":"Amur","lat":"51.43333","fcode":"PPL"},{"adminCode1":"62","lng":"40.1","geonameId":517113,"toponymName":"Novyye Luzhki","countryId":"2017370","fcl":"P","population":0,"countryCode":"RU","name":"Novyye Luzhki","fclName":"city, village,...","countryName":"Russia","fcodeName":"populated place","adminName1":"Rjazan","lat":"54.05","fcode":"PPL"},{"adminCode1":"72","lng":"41.90831","geonameId":497508,"toponymName":"Urochishche Lisitsyny Luzhki","countryId":"2017370","fcl":"L","population":0,"countryCode":"RU","name":"Urochishche Lisitsyny Luzhki","fclName":"parks,area, ...","countryName":"Russia","fcodeName":"area","adminName1":"Tambov","lat":"51.99403","fcode":"AREA"},{"adminCode1":"59","lng":"134.75582","geonameId":2019150,"toponymName":"Nizhniye Luzhki","countryId":"2017370","fcl":"P","population":0,"countryCode":"RU","name":"Nizhniye Luzhki","fclName":"city, village,...","countryName":"Russia","fcodeName":"populated place","adminName1":"Primorskiy","lat":"44.29575","fcode":"PPL"},{"adminCode1":"90","lng":"55.2","geonameId":574106,"toponymName":"Bol’shiye Luzhki","countryId":"2017370","fcl":"P","population":0,"countryCode":"RU","name":"Bol’shiye Luzhki","fclName":"city, village,...","countryName":"Russia","fcodeName":"populated place","adminName1":"Perm","lat":"57.6","fcode":"PPL"},{"adminCode1":"62","lng":"40.11667","geonameId":488064,"toponymName":"Staryye Luzhki","countryId":"2017370","fcl":"P","population":0,"countryCode":"RU","name":"Staryye Luzhki","fclName":"city, village,...","countryName":"Russia","fcodeName":"populated place","adminName1":"Rjazan","lat":"54.05","fcode":"PPL"},{"adminCode1":"77","lng":"34.78333","geonameId":517112,"toponymName":"Novyye Luzhki","countryId":"2017370","fcl":"P","population":0,"countryCode":"RU","name":"Novyye Luzhki","fclName":"city, village,...","countryName":"Russia","fcodeName":"populated place","adminName1":"Tverskaya","lat":"56.81667","fcode":"PPL"},{"adminCode1":"62","lng":"40.1","geonameId":541767,"toponymName":"Krasnyye Luzhki","countryId":"2017370","fcl":"P","population":0,"countryCode":"RU","name":"Krasnyye Luzhki","fclName":"city, village,...","countryName":"Russia","fcodeName":"populated place","adminName1":"Rjazan","lat":"54.05","fcode":"PPL"},{"adminCode1":"56","lng":"37.05","geonameId":541768,"toponymName":"Krasnyye Luzhki","countryId":"2017370","fcl":"P","population":0,"countryCode":"RU","name":"Krasnyye Luzhki","fclName":"city, village,...","countryName":"Russia","fcodeName":"populated place","adminName1":"Orjol","lat":"52.81667","fcode":"PPL"},{"adminCode1":"69","lng":"34.1875","geonameId":530103,"toponymName":"Malyye Luzhki","countryId":"2017370","fcl":"P","population":0,"countryCode":"RU","name":"Malyye Luzhki","fclName":"city, village,...","countryName":"Russia","fcodeName":"populated place","adminName1":"Smolensk","lat":"54.68917","fcode":"PPL"},{"adminCode1":"72","lng":"41.26186","geonameId":533119,"toponymName":"Krasnyye Luzhki","countryId":"2017370","fcl":"P","population":0,"countryCode":"RU","name":"Krasnyye Luzhki","fclName":"city, village,...","countryName":"Russia","fcodeName":"populated place","adminName1":"Tambov","lat":"52.00409","fcode":"PPL"},{"adminCode1":"54","lng":"74.1226","geonameId":7618740,"toponymName":"Urochishche Luzhki","countryId":"2017370","fcl":"L","population":0,"countryCode":"RU","name":"Urochishche Luzhki","fclName":"parks,area, ...","countryName":"Russia","fcodeName":"area","adminName1":"Omsk","lat":"57.8239","fcode":"AREA"},{"adminCode1":"06","lng":"30.1865","geonameId":8281209,"toponymName":"Luzhki Vtoryye","countryId":"630336","fcl":"P","population":0,"countryCode":"BY","name":"Luzhki Vtoryye","fclName":"city, village,...","countryName":"Belarus","fcodeName":"populated place","adminName1":"Mahilyowskaya Voblastsʼ","lat":"54.0278","fcode":"PPL"},{"adminCode1":"06","lng":"30.1992","geonameId":8281210,"toponymName":"Luzhki Pervyye","countryId":"630336","fcl":"P","population":0,"countryCode":"BY","name":"Luzhki Pervyye","fclName":"city, village,...","countryName":"Belarus","fcodeName":"populated place","adminName1":"Mahilyowskaya Voblastsʼ","lat":"54.0235","fcode":"PPL"},{"adminCode1":"06","lng":"23.70002","geonameId":702554,"toponymName":"Luzhky","countryId":"690791","fcl":"P","population":0,"countryCode":"UA","name":"Luzhky","fclName":"city, village,...","countryName":"Ukraine","fcodeName":"populated place","adminName1":"Ivano-Frankivsk","lat":"48.96482","fcode":"PPL"},{"adminCode1":"65","lng":"49.2111","geonameId":7760615,"toponymName":"Luzhki","countryId":"2017370","fcl":"P","population":0,"countryCode":"RU","name":"Luzhki","fclName":"city, village,...","countryName":"Russia","fcodeName":"abandoned populated place","adminName1":"Samara","lat":"53.5883","fcode":"PPLQ"},{"adminCode1":"10","lng":"33.85417","geonameId":816929,"toponymName":"Luzhki","countryId":"2017370","fcl":"P","population":0,"countryCode":"RU","name":"Luzhki","fclName":"city, village,...","countryName":"Russia","fcodeName":"populated place","adminName1":"Brjansk","lat":"53.79139","fcode":"PPL"},{"adminCode1":"43","lng":"39.54556","geonameId":821139,"toponymName":"Luzhki","countryId":"2017370","fcl":"P","population":0,"countryCode":"RU","name":"Luzhki","fclName":"city, village,...","countryName":"Russia","fcodeName":"populated place","adminName1":"Lipetsk","lat":"53.27417","fcode":"PPL"},{"adminCode1":"77","lng":"32.03222","geonameId":823022,"toponymName":"Luzhki","countryId":"2017370","fcl":"P","population":0,"countryCode":"RU","name":"Luzhki","fclName":"city, village,...","countryName":"Russia","fcodeName":"populated place","adminName1":"Tverskaya","lat":"56.81417","fcode":"PPL"},{"adminCode1":"77","lng":"33.94814","geonameId":823116,"toponymName":"Luzhki","countryId":"2017370","fcl":"P","population":0,"countryCode":"RU","name":"Luzhki","fclName":"city, village,...","countryName":"Russia","fcodeName":"populated place","adminName1":"Tverskaya","lat":"56.82978","fcode":"PPL"},{"adminCode1":"69","lng":"35.1575","geonameId":812854,"toponymName":"Luzhki","countryId":"2017370","fcl":"P","population":0,"countryCode":"RU","name":"Luzhki","fclName":"city, village,...","countryName":"Russia","fcodeName":"populated place","adminName1":"Smolensk","lat":"55.51389","fcode":"PPL"},{"adminCode1":"69","lng":"33.42583","geonameId":810883,"toponymName":"Luzhki","countryId":"2017370","fcl":"P","population":0,"countryCode":"RU","name":"Luzhki","fclName":"city, village,...","countryName":"Russia","fcodeName":"populated place","adminName1":"Smolensk","lat":"55.24556","fcode":"PPL"}]}