{
  "абинск": "абинск",
  "алатырь": "алатырьск",
  "александров": "александровск",
  "андреаполь": "андреапольск",
  "анна": "аннинск",
  "апшеронск": "апшеронск",
  "ардатов": "ардатовск",
  "арзамас": "арзамаск",
  "архара": "архаринск",
  "астрахань": "астраханск",
  "аткарск": "аткарск",
  "ахтубинск": "ахтубинск",
  "ахтырк": "ахтырск",
  "ахтырка": "ахтырск",
  "бабаево": "бабаевск",
  "багратионовск": "багратионовск",
  "балаганск": "балаганск",
  "балахна": "балахнинск",
  "балахта": "балахтинск",
  "белгород": "белогородск",
  "белозерск": "белозерск",
  "белой": "бельск",
  "белый": "бельск",
  "березин": "березинск",
  "березник": "виноградовск",
  "березов": "березовск",
  "березовка": "березовск",
  "благовещенка": "благовещенск",
  "благодарный": "благодарненск",
  "бобров": "бобровск",
  "богатый": "богатенск",
  "богодухов": "богодуховск",
  "богородицк": "богородицк",
  "богородск": "богородск",
  "богучар": "богучарск",
  "большая": "мурта большемуртинск",
  "большое": "мурашкино большемурашкинск",
  "борзна": "борзнянск",
  "борисовка": "борисовск",
  "боровичи": "боровичск",
  "боровск": "боровск",
  "бронницы": "бронницк",
  "брянск": "брянск",
  "бутурлино": "бутурлинск",
  "бутурлиновка": "бутурлиновск",
  "быково": "быковск",
  "валдай": "валдайск",
  "валки": "валковск",
  "валуйки": "валуйск",
  "ванино": "ванинск",
  "варнавино": "варнавинск",
  "вача": "вачск",
  "вейделевка": "вейделевск",
  "велиж": "велижск",
  "вельск": "вельск",
  "венден": "венденск",
  "венев": "веневск",
  "верея": "верейск",
  "верх-чебула": "чебулинск",
  "верхний": "ландех  верхнеландеховск",
  "верхний удинск": "верхнеудинск",
  "весиегонск": "весьегонск",
  "весьегонск": "весьегонск",
  "ветлуга": "ветлужск",
  "вильманстранд": "вильманстрандск",
  "вожега": "вожегодск",
  "вознесенское": "вознесенск",
  "волмар": "вольмарск",
  "волоконовка": "волоконовск",
  "воротынец": "воротынск",
  "воскресенское": "воскресенск",
  "выгоничи": "выгоничск",
  "вытегра": "вытегорск",
  "вышний волочок": "вышневолоцк",
  "вяземский": "вяземск",
  "вязники": "вязниковск",
  "габзаль": "габзальск",
  "гаврилов": "посад  гаврилово-посадск",
  "гадячь": "гадяцк",
  "гвардейск": "гвардейск",
  "гдов": "гдовск",
  "гжать": "гжатск",
  "глинск": "мглинск",
  "голтва": "голтвианск",
  "горбатов": "горбатовск",
  "городец": "городецк",
  "городище": "городищенск",
  "городня": "городнянск",
  "гороховец": "гороховецк",
  "грайворон": "грайворонск",
  "грибановский": "грибановск",
  "грязовец": "грязовецк",
  "грязовецк": "грязовецк",
  "гулькевичи": "гулькевичск",
  "гурьевск": "гурьевск",
  "гусев": "гусевск",
  "далматов": "далматовск",
  "дальнее": "константиново дальнеконстантиновск",
  "даниловка": "даниловск",
  "дерпт": "дерптск",
  "дмитров": "дмитровск",
  "дорогобуж": "дорогобужск",
  "дубовка": "дубовск",
  "дубровка": "дубровск",
  "думиничи": "думиничск",
  "духовщина": "духовшчинск",
  "дятьково": "дятьковск",
  "елань": "еланск",
  "елатма": "елатомск",
  "елец": "елецк",
  "елисаветъ-град": "елисаветградск",
  "елна": "ельнинск",
  "емельяново": "емельяновск",
  "епифань": "епифанск",
  "жарковский": "жарковск",
  "железногорск-илимский": "нижнеилимск",
  "жигалово": "жигаловск",
  "жиганск": "жиганск",
  "жиздра": "жиздринск",
  "жирновск": "жирновск",
  "жуков": "жуковск",
  "жуковка": "жуковск",
  "завитинск": "завитинск",
  "заволжск": "заволжск",
  "залари": "заларинск",
  "западная": "двина  западнодвинск",
  "зашиверск": "зашиверск",
  "звенигород": "звенигородск",
  "зеленоградск": "зеленоградск",
  "землянск": "землянск",
  "зинков": "зеньковск",
  "злынка": "злынковск",
  "змеиногорск": "змеиногорск",
  "золотоноша": "золотоношск",
  "зубцов": "зубцовск",
  "ивня": "ивнянск",
  "ижморский": "ижморск",
  "изобильный": "изобильненск",
  "иланский": "иланск",
  "иловля": "иловлинск",
  "ильинское-хованское": "ильинск",
  "инсара": "инсарск",
  "ипатово": "ипатовск",
  "ирбит": "ирбитск",
  "кавалерово": "кавалеровск",
  "кадуй": "кадуйск",
  "калач": "калачеевск",
  "калач-на-дону": "калачевск",
  "калязин": "калязинск",
  "каменка": "каменск",
  "камешково": "камешковск",
  "камызяк": "камызякск",
  "кантемировка": "кантемировск",
  "карачев": "карачевск",
  "каргополь": "каргопольск",
  "кароча": "кароченск",
  "касимов": "касимовск",
  "качуг": "качугск",
  "кашин": "кашинск",
  "кесова": "гора кесовогорск",
  "кинешма": "кинешемск",
  "киренск": "киренск",
  "киржач": "киржачск",
  "кириллов": "кирилловск",
  "кирилов": "кирилловск",
  "кировский": "кировск",
  "кирсанов": "кирсановск",
  "клетня": "клетнянск",
  "климово": "климовск",
  "клин": "клинск",
  "клинск": "клинск",
  "княгинин": "княгининск",
  "княгинино": "княгинск",
  "ковернино": "ковернинск",
  "ковров": "ковровск",
  "козелец": "козелецк",
  "козельск": "козельск",
  "козулька": "козульск",
  "коломна": "коломенск",
  "кольчугино": "кольчугинск",
  "комаричи": "комаричск",
  "комсомольск": "комсомольск",
  "коноша": "коношск",
  "кореновск": "кореновск",
  "коротояк": "коротоякск",
  "короча": "корочанск",
  "котельниково": "котельниковск",
  "котельничь": "котельничск",
  "котово": "котовск",
  "крапивинский": "крапивинск",
  "крапивна": "крапивенск",
  "красная": "гора  красногорск",
  "красноборск": "красноборск",
  "краснознаменск": "краснознаменск",
  "краснокутск": "краснокутск",
  "красные": "баки  краснобаковск",
  "красный": "холм  краснохолмск",
  "кромы": "кромск",
  "кстово": "кстовск",
  "кувшиново": "кувшиновск",
  "кузнецк": "кузнецк",
  "куйтун": "куйтунск",
  "кулебаки": "кулебакск",
  "курагино": "курагинск",
  "курганинск": "курганинск",
  "лаишев": "лаишевск",
  "лальск": "лальск",
  "лебедянь": "лебедянск",
  "лежнево": "лежневск",
  "ленинск": "ленинск",
  "ливны": "ливенск",
  "лиман": "лиманск",
  "липецк": "липецк",
  "лиски": "лискинск",
  "лихвин": "лихвинск",
  "лихославль": "лихославльск",
  "локоть": "брасовск",
  "лохвица": "лохвицк",
  "лубны": "лубенск",
  "лукоянов": "лукояновск",
  "лух": "луховск",
  "лысково": "лысковск",
  "льгов": "льговск",
  "любим": "любимск",
  "магдагачи": "магдагачинск",
  "макарьев": "макарьевск",
  "максатиха": "максатихинск",
  "малой архангельск": "малоархангельск",
  "малой ярославец": "малоярославецк",
  "малоярославец": "малоярославецк",
  "мама": "мамско-чуйск",
  "мангазея": "мангазейск",
  "мглин": "мглинск",
  "медынь": "медынск",
  "мезень": "мезенск",
  "меленки": "меленковск",
  "мещовск": "мешчовск",
  "миргород": "миргородск",
  "мирополье": "миропольск",
  "молога": "мологск",
  "молоково": "молоковск",
  "моршанск": "моршанск",
  "мосальск": "мосальск",
  "мостовской": "мостовск",
  "мотыгино": "мотыгинск",
  "мстиславль": "мстиславск",
  "муром": "муромск",
  "мценск": "мценск",
  "мышкин": "мышкинск",
  "навашино": "навашинск",
  "навля": "навлинск",
  "нариманов": "наримановск",
  "наровчат": "наровчатовск",
  "недригайлов": "недригайловск",
  "нейшлот": "нейшлотск",
  "неман": "неманск",
  "нестеров": "нестеровск",
  "нефтекумск": "нефтекумск",
  "нижний": "ингаш  нижнеингашск",
  "николаевск": "николаевск",
  "никольск": "никольск",
  "новоалександровск": "новоалександровск",
  "новоаннинский": "новоаннинск",
  "новокубанск": "новокубанск",
  "новониколаевский": "новониколаевск",
  "новосиль": "новосильск",
  "новохоперск": "новохоперск",
  "новый": "оскол новооскольск",
  "няндома": "няндомск",
  "одоев": "одоевск",
  "озерск": "озерск",
  "октябрьский": "октябрьск",
  "оленино": "оленинск",
  "ольга": "ольгинск",
  "ольховатка": "ольховатск",
  "опочка": "опочецк",
  "осташков": "осташковск",
  "острогожск": "острогожск",
  "охотск": "охотск",
  "павлово": "павловск",
  "павловск": "павловск",
  "павлоград": "павлоградск",
  "палех": "палехск",
  "палласовка": "палласовск",
  "панино": "панинск",
  "пено": "пеновск",
  "перевоз": "перевозск",
  "перемышль": "перемышльск",
  "переславль залеской": "переславль-залесск",
  "переяславль": "переяславск",
  "пернов": "перновск",
  "пестяки": "пестяковск",
  "петушки": "петушинск",
  "пильна": "пильнинск",
  "пирятин": "пирятинск",
  "пирятинск": "пирятинск",
  "плес": "плесск",
  "плесецк": "плесецк",
  "поворино": "поворинск",
  "погар": "погарск",
  "пограничный": "пограничн",
  "подгоренский": "подгоренск",
  "подол": "подольск",
  "полесск": "полесск",
  "полтава": "полотавск",
  "поречье": "пореченск",
  "почеп": "почепск",
  "починки": "починковск",
  "пошехонь": "пошехонск",
  "правдинск": "правдинск",
  "прилуки": "прилуцк",
  "приморско-ахтарск": "приморско-ахтарск",
  "промышленная": "промышленновск",
  "пронск": "пронск",
  "прохоровка": "прохоровск",
  "пудога": "пудожск",
  "путивль": "путивльск",
  "пучеж": "пучежск",
  "ракитное": "ракитянск",
  "рамешки": "рамешковск",
  "рамонь": "рамонск",
  "резыцы": "режицк",
  "ржев володимеров": "ржевск",
  "ровеньки": "ровеньск",
  "рогнедино": "рогнединск",
  "родники": "родниковск",
  "романов": "романовск",
  "ромен": "роменск",
  "россошь": "россошанск",
  "ростов": "ростовск",
  "рудня": "руднянск",
  "рыбинск": "рыбинск",
  "рыльск": "рыльск",
  "ряжск": "ряжск",
  "савино": "савинск",
  "сандово": "сандовск",
  "сапожок": "сапожковск",
  "светлый": "яр  светлоярск",
  "северо-енисейский": "северо-енисейск",
  "севск": "севск",
  "селижарово": "селижаровск",
  "семенов": "семёновск",
  "семилуки": "семилукск",
  "серафимович": "серафимовичск",
  "сергач": "сергачск",
  "сергачь": "сергачск",
  "сердобск": "сердобск",
  "серпейск": "серпейск",
  "серпухов": "серпуховск",
  "серышево": "серышевск",
  "сковородино": "сковородинси",
  "скопин": "скопинск",
  "славск": "славск",
  "слободской": "слободск",
  "слюдянка": "слюдянск",
  "собинка": "собинск",
  "сокольское": "сокольск",
  "солнечный": "солнечн",
  "соль-вычегодск": "сольвычегодск",
  "соль-галицкая": "солигаличск",
  "сонково": "сонковск",
  "сосница": "сосницк",
  "сосновское": "сосновск",
  "спас-деменск": "спас-деменск",
  "спаск": "спаск",
  "спирово": "спировск",
  "средняя": "ахтуба  среднеахтубинск",
  "ставрополь": "ставропольск",
  "старая руза": "старорусск",
  "старица": "старицк",
  "стародуб": "стародубск",
  "стародубск": "стародубовск",
  "старой быхов": "старобыховск",
  "старой оскол": "старооскольск",
  "суджа": "суджанск",
  "судогда": "судогодск",
  "суздаль": "суздальск",
  "суземка": "суземск",
  "сумы": "сумск",
  "сураж": "суражск",
  "суровикино": "суровикинск",
  "сухиничи": "сухиничск",
  "таловая": "таловск",
  "тальменка": "тальменск",
  "таруса": "тарусск",
  "темников": "темниковск",
  "темрюк": "темрюкск",
  "терней": "тернейск",
  "тим": "тимск",
  "тимашевск": "тимашевск",
  "тисуль": "тисульск",
  "тихвин": "тихвинск",
  "тонкино": "тонкинск",
  "тоншаево": "тоншаевск",
  "торопец": "торопецк",
  "тотьма": "тотемск",
  "трубчевск": "трубчевск",
  "тула": "тульск",
  "туринск": "туринск",
  "тяжинский": "тяжинск",
  "углич": "угличск",
  "ужур": "ужурск",
  "унеча": "унечск",
  "урень": "уренск",
  "усмань": "усманск",
  "усть-лабинск": "усть-лабинск",
  "усть-сысольск": "усть-сысольск",
  "усть-уда": "удинск",
  "устюжна": "устюженск",
  "уяр": "уярск",
  "фатеж": "фатежск",
  "феллин": "феллинск",
  "фирово": "фировск",
  "фридрихсгам": "фридрихсгамск",
  "харабали": "харабалинск",
  "харовск": "харовск",
  "хвалынск": "хвалынск",
  "херсон": "херсонск",
  "хоперск": "хоперск",
  "хотьмышск": "хотьмышск",
  "хохольский": "хохольск",
  "цывильск": "цывильск",
  "чагода": "чагодощенск",
  "чаусы": "чаусск",
  "чердынь": "чердынск",
  "череповец": "череповецк",
  "чериков": "чериковск",
  "чернышковский": "чернышковск",
  "чернь": "черньск",
  "чернянка": "чернянск",
  "черняховск": "черняховск",
  "чкаловск": "чкаловск",
  "чугуев": "чугуевск",
  "чунский": "чунск",
  "чухлома": "чухломск",
  "шадринск": "шадринск",
  "шаранга": "шарангск",
  "шатки": "шатковск",
  "шексна": "шекснинск",
  "шенкурск": "шенкурск",
  "шушенское": "шушенск",
  "шуя": "шуйск",
  "щигры": "шчигровск",
  "эртиль": "эртильск",
  "южа": "южск",
  "юрьев польский": "юрьева-польск",
  "юрьевец": "юрьевецк",
  "юхнов": "юхновск",
  "ядрин": "ядринск",
  "яранск": "яранск",
  "яшкино": "яшкинск",
  "яя": "яйского"
}